"area","cp.ratio"
11.051,2.559758479843722
13.865,2.8168341294679626
22.514,2.957259209444818
32.81,3.4223177332059853
33.771,3.4966101694915253
31.094,3.7512701817771252
53.608,4.549102194635336
62.6,4.682206682206682
81.064,6.85273492286115
66.512,6.982572324851865
106.873,10.90625
100.558,11.255759007678677
113.325,11.104895104895105
140.918,18.299625468164795
