"population","diameter"
60,9.144
63,9.652000000000001
75,10.16
80,10.668
80,10.16
80,11.43
90,12.192
120,14.224
130,14.478
140,14.732
145,14.732
160,15.24
180,15.748000000000001
200,16.256
210,16.256
220,17.272
250,18.796
255,19.304000000000002
380,23.876
690,31.496000000000002
900,35.052
1100,39.624
